EndDate,Bishop's Opening,King's Gambit,King's Pawn Opening,Scandinavian Defense,Vienna Game
2025-03-31,0,0,0,1,0
2025-04-30,1,0,8,4,1
2025-05-31,0,0,77,22,0
2025-06-30,0,0,63,22,0
2025-07-31,0,0,76,17,0
2025-08-31,0,0,74,20,0
2025-09-30,20,0,41,13,8
2025-10-31,31,0,13,29,28
2025-11-30,28,0,11,19,19
2025-12-31,26,0,13,23,34
2026-01-31,16,0,25,18,17
2026-02-28,10,0,19,11,11
2026-03-31,9,0,10,6,9
2026-04-30,8,42,16,15,12
2026-05-31,2,53,8,17,6
2026-06-30,3,44,7,13,16
2026-07-31,3,43,8,13,14
2026-08-31,1,45,5,10,4
2026-09-30,0,42,5,12,7
