EndDate,French Defense,Pirc Defense,Polish Opening,Queen's Pawn Opening,Scandinavian Defense
2025-03-31,1,1,6,1,0
2025-04-30,1,29,6,9,0
2025-05-31,58,2,13,5,2
2025-06-30,48,0,14,0,1
2025-07-31,52,0,8,5,1
2025-08-31,56,0,19,7,8
2025-09-30,6,1,9,27,68
2025-10-31,2,0,14,37,83
2025-11-30,0,0,9,21,73
2025-12-31,1,0,15,32,76
2026-01-31,0,2,7,15,55
2026-02-28,1,14,4,8,33
2026-03-31,0,3,5,12,19
2026-04-30,1,29,12,10,51
2026-05-31,0,24,9,19,55
2026-06-30,0,37,7,7,28
2026-07-31,0,30,7,8,32
2026-08-31,0,26,5,2,29
2026-09-30,0,36,6,3,25
