EndDate,Loss,Win,Winrate
2025-03,28,23,0.45098039215686275
2025-04,80,66,0.4520547945205479
2025-05,137,145,0.5141843971631206
2025-06,121,110,0.47619047619047616
2025-07,110,123,0.5278969957081545
2025-08,132,125,0.48638132295719844
2025-09,132,131,0.49809885931558934
2025-10,151,148,0.49498327759197325
2025-11,116,118,0.5042735042735043
2025-12,132,153,0.5368421052631579
2026-01,106,124,0.5391304347826087
2026-02,83,88,0.5146198830409356
2026-03,52,54,0.5094339622641509
2026-04,134,146,0.5214285714285715
2026-05,122,131,0.5177865612648221
2026-06,99,111,0.5285714285714286
2026-07,97,99,0.5051020408163265
2026-08,98,84,0.46153846153846156
2026-09,74,99,0.5722543352601156
