EndDate,French Defense,King's Gambit,King's Pawn Opening,Pirc Defense,Queen's Pawn Opening,Scandinavian Defense
2025-03-31,2,0,3,1,13,1
2025-04-30,8,1,16,30,26,4
2025-05-31,66,0,107,9,8,24
2025-06-30,52,0,77,7,0,23
2025-07-31,59,0,83,7,5,18
2025-08-31,65,0,82,9,7,28
2025-09-30,13,0,52,4,30,81
2025-10-31,9,0,18,7,37,112
2025-11-30,6,0,12,1,22,92
2025-12-31,6,0,20,5,32,99
2026-01-31,13,0,29,4,15,73
2026-02-28,6,0,26,18,8,44
2026-03-31,5,0,15,4,12,25
2026-04-30,9,42,27,33,11,66
2026-05-31,6,53,12,28,19,72
2026-06-30,3,44,12,38,7,41
2026-07-31,14,43,10,33,8,45
2026-08-31,11,45,10,31,2,39
2026-09-30,8,42,7,39,3,37
