,UserColor,EndDate,Loss,Winrate,Tie,Win
19,isWhite,2025-03,12,0.45454545454545453,3,10
20,isWhite,2025-04,37,0.4861111111111111,4,35
21,isWhite,2025-05,68,0.5177304964539007,5,73
22,isWhite,2025-06,59,0.48695652173913045,1,56
23,isWhite,2025-07,59,0.5,5,59
24,isWhite,2025-08,66,0.49230769230769234,5,64
25,isWhite,2025-09,65,0.5,4,65
26,isWhite,2025-10,76,0.49333333333333335,4,74
27,isWhite,2025-11,60,0.48717948717948717,5,57
28,isWhite,2025-12,59,0.5785714285714286,9,81
29,isWhite,2026-01,61,0.46956521739130436,7,54
30,isWhite,2026-02,38,0.5529411764705883,2,47
31,isWhite,2026-03,22,0.5849056603773585,1,31
32,isWhite,2026-04,60,0.574468085106383,7,81
33,isWhite,2026-05,63,0.496,4,62
34,isWhite,2026-06,47,0.5523809523809524,4,58
35,isWhite,2026-07,39,0.6060606060606061,4,60
36,isWhite,2026-08,49,0.46153846153846156,3,42
37,isWhite,2026-09,33,0.611764705882353,6,52
