EndDate,Alekhine Defense,Benoni Defense,Bird Opening,Bishop's Opening,Caro-Kann Defense,Center Game,Colle System,English Opening,Englund Gambit,Four Knights Game,French Defense,Grunfeld Defense,Indian Game,Italian Game,King's Gambit,King's Indian,King's Pawn Opening,Modern Defense,Nimzowitsch-Larsen Attack,Old Indian Defense,Petrov Defense,Philidor Defense,Pirc Defense,Polish Opening,Ponziani Opening,Queen's Gambit,Queen's Pawn Opening,Reti Opening,Ruy Lopez,Scandinavian Defense,Scotch Game,Sicilian Defense,Slav/Semi-Slav Defense,Three Knights Opening,Vienna Game
2025-03-31,0,1,0,3,0,1,1,0,6,2,2,0,1,3,0,0,3,0,0,0,0,0,1,7,0,0,13,2,0,1,2,0,1,3,1
2025-04-30,1,0,1,4,3,0,0,0,12,2,8,0,2,3,1,1,16,6,0,0,1,2,30,8,10,3,26,7,0,4,1,0,0,1,1
2025-05-31,2,0,1,1,7,1,0,1,30,1,66,0,1,0,0,0,107,1,1,0,0,2,9,13,12,0,8,3,0,24,0,3,0,0,0
2025-06-30,8,0,0,1,5,0,0,1,26,0,52,1,4,0,0,0,77,2,1,0,0,0,7,14,1,1,0,2,2,23,1,7,0,0,1
2025-07-31,3,0,0,1,3,0,0,0,22,0,59,0,3,0,0,0,83,11,4,0,0,0,7,8,3,1,5,7,0,18,0,5,0,0,0
2025-08-31,2,0,0,1,5,4,0,1,9,0,65,0,2,1,0,0,82,15,1,0,0,1,9,20,2,0,7,4,0,28,2,5,0,0,1
2025-09-30,3,0,0,20,8,4,1,0,2,2,13,0,4,8,0,1,52,5,2,0,0,1,4,9,1,4,30,1,0,81,0,7,0,2,8
2025-10-31,2,0,1,31,8,0,2,1,1,2,9,0,1,20,0,2,18,2,0,0,0,0,7,14,0,4,37,3,0,112,0,7,2,0,28
2025-11-30,3,0,1,28,7,0,5,2,0,7,6,0,0,16,0,1,12,1,1,0,0,0,1,9,0,2,22,2,0,92,0,4,2,0,19
2025-12-31,3,0,0,26,8,0,3,2,1,11,6,0,0,15,0,1,20,1,2,0,0,0,5,15,1,2,32,0,0,99,0,7,5,0,34
2026-01-31,4,1,3,16,3,1,4,1,2,4,13,0,7,5,0,1,29,4,3,0,1,0,4,10,1,1,15,3,0,73,0,7,5,0,17
2026-02-28,7,0,0,10,3,0,1,2,1,1,6,1,7,1,0,6,26,0,1,0,0,0,18,9,0,0,8,9,0,44,0,2,1,1,11
2026-03-31,0,0,0,9,1,0,2,0,1,3,5,0,1,4,0,1,15,4,0,0,0,0,4,6,0,0,12,1,0,25,0,2,3,0,9
2026-04-30,2,0,3,8,13,0,0,1,2,4,9,0,11,2,42,4,27,6,0,0,1,1,33,18,1,0,11,5,0,66,0,8,2,1,12
2026-05-31,4,1,0,2,8,0,0,1,0,0,6,0,2,2,53,2,12,10,1,2,0,1,28,12,0,2,19,1,0,72,0,10,2,0,6
2026-06-30,3,2,2,3,5,0,0,0,1,0,3,0,6,1,44,2,12,6,2,4,0,0,38,7,0,2,7,1,0,41,0,7,1,0,16
2026-07-31,0,1,0,3,2,0,0,1,1,0,14,1,11,1,43,3,10,1,0,0,0,1,33,8,0,0,8,2,0,45,0,0,0,0,14
2026-08-31,1,0,1,2,3,0,0,0,0,0,11,0,12,0,45,7,10,3,4,1,0,0,31,6,0,0,2,2,0,39,0,5,0,0,4
2026-09-30,3,0,2,0,4,0,0,2,2,0,8,1,6,0,42,1,7,4,0,1,0,0,39,6,0,0,3,3,0,37,0,4,0,0,7
