,Opening_Group,EndDate,Loss,Winrate,Lossrate,Tie,Win
0,Bishop's Opening,2025Q1,3,0.0,1.0,0,0
1,Bishop's Opening,2025Q2,5,0.0,1.0,1,0
2,Bishop's Opening,2025Q3,12,0.45454545454545453,0.5454545454545454,0,10
3,Bishop's Opening,2025Q4,35,0.573170731707317,0.4268292682926829,3,47
4,Bishop's Opening,2026Q1,17,0.5142857142857142,0.4857142857142857,0,18
5,Bishop's Opening,2026Q2,5,0.6153846153846154,0.38461538461538464,0,8
6,Bishop's Opening,2026Q3,2,0.6,0.4,0,3
7,Englund Gambit,2025Q1,4,0.3333333333333333,0.6666666666666666,0,2
8,Englund Gambit,2025Q2,34,0.47692307692307695,0.5230769230769231,3,31
9,Englund Gambit,2025Q3,16,0.4666666666666667,0.5333333333333333,3,14
10,Englund Gambit,2025Q4,2,0.0,1.0,0,0
11,Englund Gambit,2026Q1,1,0.75,0.25,0,3
12,Englund Gambit,2026Q2,0,1.0,0.0,0,3
13,Englund Gambit,2026Q3,0,1.0,0.0,0,3
14,French Defense,2025Q1,1,0.0,1.0,1,0
15,French Defense,2025Q2,64,0.47540983606557374,0.5245901639344263,4,58
16,French Defense,2025Q3,53,0.5923076923076923,0.4076923076923077,7,77
17,French Defense,2025Q4,11,0.47619047619047616,0.5238095238095238,0,10
18,French Defense,2026Q1,14,0.36363636363636365,0.6363636363636364,2,8
19,French Defense,2026Q2,9,0.5,0.5,0,9
20,French Defense,2026Q3,13,0.6060606060606061,0.3939393939393939,0,20
21,King's Gambit,2025Q2,0,1.0,0.0,0,1
22,King's Gambit,2026Q2,53,0.5984848484848485,0.4015151515151515,7,79
23,King's Gambit,2026Q3,62,0.5,0.5,6,62
24,King's Pawn Opening,2025Q1,2,0.3333333333333333,0.6666666666666666,0,1
25,King's Pawn Opening,2025Q2,83,0.5677083333333334,0.4322916666666667,8,109
26,King's Pawn Opening,2025Q3,98,0.5242718446601942,0.47572815533980584,11,108
27,King's Pawn Opening,2025Q4,20,0.5833333333333334,0.4166666666666667,2,28
28,King's Pawn Opening,2026Q1,31,0.5230769230769231,0.47692307692307695,5,34
29,King's Pawn Opening,2026Q2,23,0.54,0.46,1,27
30,King's Pawn Opening,2026Q3,11,0.56,0.44,2,14
31,Pirc Defense,2025Q1,0,1.0,0.0,0,1
32,Pirc Defense,2025Q2,20,0.5121951219512195,0.4878048780487805,5,21
33,Pirc Defense,2025Q3,11,0.45,0.55,0,9
34,Pirc Defense,2025Q4,4,0.6363636363636364,0.36363636363636365,2,7
35,Pirc Defense,2026Q1,13,0.48,0.52,1,12
36,Pirc Defense,2026Q2,53,0.4479166666666667,0.5520833333333334,3,43
37,Pirc Defense,2026Q3,51,0.49,0.51,3,49
38,Polish Opening,2025Q1,2,0.7142857142857143,0.2857142857142857,0,5
39,Polish Opening,2025Q2,16,0.5428571428571428,0.45714285714285713,0,19
40,Polish Opening,2025Q3,16,0.5428571428571428,0.45714285714285713,2,19
41,Polish Opening,2025Q4,21,0.38235294117647056,0.6176470588235294,4,13
42,Polish Opening,2026Q1,14,0.4166666666666667,0.5833333333333334,1,10
43,Polish Opening,2026Q2,20,0.4444444444444444,0.5555555555555556,1,16
44,Polish Opening,2026Q3,7,0.6111111111111112,0.3888888888888889,2,11
45,Queen's Pawn Opening,2025Q1,7,0.46153846153846156,0.5384615384615384,0,6
46,Queen's Pawn Opening,2025Q2,18,0.45454545454545453,0.5454545454545454,1,15
47,Queen's Pawn Opening,2025Q3,24,0.4146341463414634,0.5853658536585366,1,17
48,Queen's Pawn Opening,2025Q4,48,0.4418604651162791,0.5581395348837209,5,38
49,Queen's Pawn Opening,2026Q1,15,0.5714285714285714,0.42857142857142855,0,20
50,Queen's Pawn Opening,2026Q2,21,0.43243243243243246,0.5675675675675675,0,16
51,Queen's Pawn Opening,2026Q3,8,0.38461538461538464,0.6153846153846154,0,5
52,Scandinavian Defense,2025Q1,1,0.0,1.0,0,0
53,Scandinavian Defense,2025Q2,26,0.48,0.52,1,24
54,Scandinavian Defense,2025Q3,65,0.4715447154471545,0.5284552845528455,4,58
55,Scandinavian Defense,2025Q4,133,0.5413793103448276,0.4586206896551724,13,157
56,Scandinavian Defense,2026Q1,59,0.5815602836879432,0.41843971631205673,1,82
57,Scandinavian Defense,2026Q2,82,0.5260115606936416,0.47398843930635837,6,91
58,Scandinavian Defense,2026Q3,56,0.5172413793103449,0.4827586206896552,5,60
59,Vienna Game,2025Q1,1,0.0,1.0,0,0
60,Vienna Game,2025Q2,1,0.5,0.5,0,1
61,Vienna Game,2025Q3,3,0.625,0.375,1,5
62,Vienna Game,2025Q4,37,0.5131578947368421,0.4868421052631579,5,39
63,Vienna Game,2026Q1,18,0.5135135135135135,0.4864864864864865,0,19
64,Vienna Game,2026Q2,17,0.48484848484848486,0.5151515151515151,1,16
65,Vienna Game,2026Q3,8,0.6521739130434783,0.34782608695652173,2,15
